<?xml version="1.0" encoding="UTF-8" standalone="yes"?>
<facturaComputarizadaSectorEducativo xsi:noNamespaceSchemaLocation="facturaComputarizadaSectorEducativo.xsd" xmlns:xsi="http://www.w3.org/2001/XMLSchema-instance">
    <cabecera>
        <nitEmisor>1003579028</nitEmisor>
        <razonSocialEmisor>PRUEBA</razonSocialEmisor>
        <municipio>La Paz</municipio>
        <telefono>2846005</telefono>
        <numeroFactura>1</numeroFactura>
        <cuf>44AAEC00DBD34C53C3E44CB1766171E788E04706A167A75AC82F24C74</cuf>
        <cufd>BQUE+QytqQUDBKVUFOSVRPQkxVRFZNVFVJBMDAwMDAwM</cufd>
        <codigoSucursal>0</codigoSucursal>
        <direccion>AV. JORGE LOPEZ #123</direccion>
        <codigoPuntoVenta>0</codigoPuntoVenta>
        <fechaEmision>2021-10-06T16:03:49.139</fechaEmision>
        <nombreRazonSocial>Nombre o Razon Social</nombreRazonSocial>
        <codigoTipoDocumentoIdentidad>1</codigoTipoDocumentoIdentidad>
        <numeroDocumento>5115889</numeroDocumento>
        <complemento xsi:nil="true"/>
        <codigoCliente>51158891</codigoCliente>
        <nombreEstudiante>Marcelo Campos Vargas</nombreEstudiante>
        <periodoFacturado>JUNIO 2019</periodoFacturado>
        <codigoMetodoPago>1</codigoMetodoPago>
        <numeroTarjeta xsi:nil="true"/>
        <montoTotal>100</montoTotal>
        <montoTotalSujetoIva>100</montoTotalSujetoIva>
        <codigoMoneda>1</codigoMoneda>
        <tipoCambio>1</tipoCambio>
        <montoTotalMoneda>100</montoTotalMoneda>
        <montoGiftCard xsi:nil="true"/>
        <descuentoAdicional xsi:nil="true"/>
        <codigoExcepcion xsi:nil="true"/>
        <cafc xsi:nil="true"/>
        <leyenda>Una leyenda</leyenda>
        <usuario>vjcm</usuario>
        <codigoDocumentoSector>11</codigoDocumentoSector>
    </cabecera>
    <detalle>
        <actividadEconomica>451010</actividadEconomica>
        <codigoProductoSin>49111</codigoProductoSin>
        <codigoProducto>123456</codigoProducto>
        <descripcion>Pension mes de Junio</descripcion>
        <cantidad>1</cantidad>
        <unidadMedida>1</unidadMedida>
        <precioUnitario>100</precioUnitario>
        <montoDescuento xsi:nil="true"/>
        <subTotal>100</subTotal>
    </detalle>
</facturaComputarizadaSectorEducativo>